Road Name,Asset ID (Identifier),Easting (Location/Map Coordinates),Northing (Location/Map Coordinates),Monument Type,Description,Geometry
BLYTH ST,181,280480.61,6132868.64,Public Art,SEVEN LIGHT BOXES INSTALLED ON BLYTH ST,POINT (15428530.5668919 -4153410.89443481)
BLYTH ST,182,280480.89,6132865.65,Public Art,SEVEN LIGHT BOXES INSTALLED ON BLYTH ST,POINT (15428530.8143433 -4153414.5574916)
BLYTH ST,183,280481.13,6132862.66,Public Art,SEVEN LIGHT BOXES INSTALLED ON BLYTH ST,POINT (15428531.0203345 -4153418.2219968)
BLYTH ST,184,280479.08,6132887.07,Public Art,SEVEN LIGHT BOXES INSTALLED ON BLYTH ST,POINT (15428529.2432007 -4153388.29702919)
BLYTH ST,185,280478.75,6132891.09,Public Art,SEVEN LIGHT BOXES INSTALLED ON BLYTH ST,POINT (15428528.94911 -4153383.37466474)
BLYTH ST,186,280478.41,6132895.05,Public Art,SEVEN LIGHT BOXES INSTALLED ON BLYTH ST,POINT (15428528.6582226 -4153378.5221432)
BLYTH ST,187,280478.09,6132899.04,Public Art,SEVEN LIGHT BOXES INSTALLED ON BLYTH ST,POINT (15428528.3827669 -4153373.63572642)
CURRIE ST INC,66,280190.87,6132622.55,Memorial,COLONEL LIGHT MEMORIAL AND POND CC REF:CC000130,POINT (15428170.5366791 -4153703.39477883)
GRENFELL ST DEC,215,281233.67,6132786.02,Sculpture,"HINDMARSH SQUARE - """"CONCRETE BALL"""" SCULPTURE",POINT (15429445.1584535 -4153534.04749482)
GRENFELL ST DEC,228,281249.71,6132796.56,Sculpture,"HINDMARSH SQUARE - """"TOOTH"""" SCULPTURE",POINT (15429464.9979938 -4153521.62434445)
GRENFELL ST DEC,229,281243.85,6132795.58,Sculpture,"HINDMARSH SQUARE - """"TOOTH"""" SCULPTURE",POINT (15429457.8335822 -4153522.65149492)
GRENFELL ST DEC,230,281243.38,6132794.99,Sculpture,"HINDMARSH SQUARE - """"TOOTH"""" SCULPTURE",POINT (15429457.2440521 -4153523.3594398)
GRENFELL ST DEC,231,281244.7,6132793.07,Sculpture,"HINDMARSH SQUARE - """"TOOTH"""" SCULPTURE",POINT (15429458.7954647 -4153525.74671511)
GRENFELL ST DEC,232,281241.54,6132793.04,Sculpture,"HINDMARSH SQUARE - """"TOOTH"""" SCULPTURE",POINT (15429454.9465934 -4153525.69086355)
GRENFELL ST DEC,233,281242.64,6132791,Sculpture,"HINDMARSH SQUARE - """"TOOTH"""" SCULPTURE",POINT (15429456.2266086 -4153528.21848493)
GRENFELL ST DEC,234,281240.36,6132790.07,Sculpture,"HINDMARSH SQUARE - """"TOOTH"""" SCULPTURE",POINT (15429453.4230904 -4153529.28931995)
GRENFELL ST DEC,235,281241.17,6132787.69,Sculpture,"HINDMARSH SQUARE - """"TOOTH"""" SCULPTURE",POINT (15429454.3400535 -4153532.22434983)
GRENFELL ST DEC,236,281238.89,6132787.25,Sculpture,"HINDMARSH SQUARE - """"TOOTH"""" SCULPTURE",POINT (15429451.5508207 -4153532.69579793)
GRENFELL ST DEC,237,281240.31,6132784.6,Sculpture,"HINDMARSH SQUARE - """"TOOTH"""" SCULPTURE",POINT (15429453.2027215 -4153535.978969)
GRENFELL ST DEC,238,281251.01,6132793.57,Sculpture,"HINDMARSH SQUARE - """"TOOTH"""" SCULPTURE",POINT (15429466.4938583 -4153525.3198968)
GRENFELL ST DEC,239,281249.02,6132792.36,Sculpture,"HINDMARSH SQUARE - """"TOOTH"""" SCULPTURE",POINT (15429464.0353174 -4153526.74173397)
GRENFELL ST DEC,240,281251.53,6132791.2,Sculpture,"HINDMARSH SQUARE - """"TOOTH"""" SCULPTURE",POINT (15429467.0579771 -4153528.23419927)
GRENFELL ST DEC,241,281251.07,6132790.7,Sculpture,"HINDMARSH SQUARE - """"TOOTH"""" SCULPTURE",POINT (15429466.4832484 -4153528.83234646)
GRENFELL ST DEC,242,281245.54,6132788.68,Sculpture,"HINDMARSH SQUARE - """"TOOTH"""" SCULPTURE",POINT (15429459.6903587 -4153531.14133077)
GRENFELL ST DEC,220,281245.57,6132794.31,Sculpture,"HINDMARSH SQUARE - """"SUNFLOWER"""" SCULPTURE",POINT (15429459.8910339 -4153524.25538053)
GRENFELL ST DEC,221,281241.87,6132789.57,Sculpture,"HINDMARSH SQUARE - """"SUNFLOWER"""" SCULPTURE",POINT (15429455.247271 -4153529.94516362)
GRENFELL ST DEC,222,281240.66,6132786.05,Sculpture,"HINDMARSH SQUARE - """"SUNFLOWER"""" SCULPTURE",POINT (15429453.6712001 -4153534.2155239)
GRENFELL ST DEC,224,281251.37,6132788.33,Sculpture,"HINDMARSH SQUARE - """"TAP AND HOSE"""" SCULPTURE",POINT (15429466.7794687 -4153531.74020682)
HINDLEY ST,196,280569.35,6132846.31,Statue,ROY 'MO' RENE,POINT (15428637.961736 -4153440.8148526)
HURTLE SQ,143,281406.13,6131753.24,Sculpture,TIMBER/STONE SEAT SCULPTURE,POINT (15429625.0710517 -4154802.50566174)
HUTT ST,174,281932.59,6131890.79,Commerative Fountain,HUTT STREET - EAST SIDE BETWEEN CARRINGTON ST AND HALIFAX ST,POINT (15430270.2272692 -4154649.62630268)
HUTT ST,271,281912.46,6131957.29,Clock,ARTISTIC CLOCK,POINT (15430247.6456361 -4154567.68481521)
KING WILLIAM RD DEC,150,280734.91,6133043.12,Memorial,SOUTH AFRICAN WAR MEMORIAL CC REF:CC000128,POINT (15428845.3222309 -4153204.93420543)
KING WILLIAM RD DEC,165,280755.65,6133329.18,Plaque,MEDICAL SERVICES MEMORIAL WW2 PLAQUE,POINT (15428878.9342116 -4152855.64028157)
KING WILLIAM RD DEC,166,280778.09,6133336.54,Plaque,2/3RD AUSTRALIAN MACHINE GUN BATTALION PLAQUE,POINT (15428906.4731094 -4152847.2963057)
KING WILLIAM RD DEC,167,280795.62,6133339.53,Plaque,SA SCOTTISH REGIMENT PLAQUE,POINT (15428927.9057111 -4152844.15341283)
KING WILLIAM RD DEC,45,280821.43,6133340.18,Plaque,2/27TH INFANTRY BATTALION PLAQUE,POINT (15428959.3520398 -4152844.11558468)
KING WILLIAM RD DEC,202,280748.18,6133061.04,Plaque,AUSTRALIA'S BICENTENARY PLAQUE - CC REF:CC002536,POINT (15428862.0044384 -4153183.40400829)
KING WILLIAM RD DEC,203,280759.63,6133064.74,Plaque,RUBBLE LIMESTONE WALL RESTORATION PLAQUE,POINT (15428876.0549573 -4153179.21423483)
KINTORE AVE,270,280907.69,6133089.85,Memorial,SOUTH AUSTRALIAN WAR MEMORIAL - GREAT WAR WW1 1914 - 1918,POINT (15429057.0824508 -4153152.84624105)
KINTORE AVE,48,280918.18,6133117.96,Memorial,ROYAL AUSTRALIAN REGIMENT -  KOREA-MALAY-BORNEO-VIETNAM MEMORIAL,POINT (15429070.6657272 -4153118.76357549)
KINTORE AVE,49,280902.59,6133115.92,Memorial,IN MEMORY OF OFFICERS-NCO'S & MEN 50TH BATTALION MEMORIAL,POINT (15429051.628733 -4153120.80181078)
KINTORE AVE,50,280890.59,6133113.19,Memorial,OUR COMRADES 48TH BATTALION AIF 1916 MEMORIAL,POINT (15429036.9406274 -4153123.78803019)
KINTORE AVE,51,280884.65,6133109.27,Memorial,SECOND WW 1939 - 1945 MEMORIAL,POINT (15429029.5858819 -4153128.40853706)
KINTORE AVE,52,280894.69,6133106.3,Memorial,ENLISTED SERVICEMEN - MALAYA-BORNEO-KOREA-VIETNAM MEMORIAL,POINT (15429041.7292183 -4153132.34702113)
KINTORE AVE,53,280880.45,6133105.3,Memorial,IN MEMORY OF OFFICERS-NCO'S & MEN 27TH BATTALION MEMORIAL,POINT (15429024.3591199 -4153133.15251065)
KINTORE AVE,55,280891,6133096.22,Plaque,LONE PINE BATTLE PLAQUE,POINT (15429036.9368694 -4153144.56600663)
KINTORE AVE,40,280882.08,6133346.08,Plaque,IN MEMORY OF ALL MEMBERS WHO SERVED PLAQUE - CC REF:CC002550,POINT (15429033.377864 -4152838.68294784)
KINTORE AVE,41,280872.39,6133345.95,Plaque,2/43RD INFANTRY BATTALION PLAQUE,POINT (15429021.5763326 -4152838.55778789)
KINTORE AVE,42,280891.8,6133344.87,Plaque,SOUTH AUSTRALIAN PRISONERS OF WAR PLAQUE,POINT (15429045.1694984 -4152840.44783343)
KINTORE AVE,43,280853.98,6133343.51,Plaque,IN MEMORY OF ALL MEMBERS WHO SERVED PLAQUE,POINT (15428999.08467 -4152841.0010008)
KINTORE AVE,44,280833.84,6133341.26,Plaque,ROYAL AUSTRALIAN ARTILLERY PLAQUE - CC REF:CC002539,POINT (15428974.4895627 -4152843.16218276)
LEIGH ST,94,280552.59,6132716.37,Plaque,,POINT (15428613.7600289 -4153599.2642878)
LEIGH ST,95,280552.71,6132714.92,Plaque,,POINT (15428613.8647878 -4153601.04887862)
LEIGH ST,96,280553.38,6132715.72,Plaque,,POINT (15428614.7016538 -4153600.08869055)
LEIGH ST,97,280551.84,6132715.57,Plaque,,POINT (15428612.8257452 -4153600.22212525)
LEIGH ST,98,280558.84,6132723.94,Plaque,,POINT (15428621.589815 -4153590.18549535)
LEIGH ST,99,280559,6132722.43,Plaque,,POINT (15428621.7379638 -4153592.04089633)
LEIGH ST,100,280559.68,6132723.27,Plaque,,POINT (15428622.588 -4153591.03941208)
LEIGH ST,101,280558.17,6132723.13,Plaque,,POINT (15428620.7550934 -4153591.15797429)
LEIGH ST,102,280559.13,6132720.59,Plaque,,POINT (15428621.8434948 -4153594.3028427)
LEIGH ST,103,280542.34,6132833.03,Plaque,,POINT (15428604.6857069 -4153456.25967158)
LEIGH ST,104,280542.19,6132834.51,Plaque,,POINT (15428604.5536443 -4153454.44507062)
LEIGH ST,105,280543,6132833.84,Plaque,,POINT (15428605.5141552 -4153455.29439749)
LEIGH ST,106,280541.5,6132833.72,Plaque,,POINT (15428603.6915097 -4153455.39239679)
LEIGH ST,107,280550.35,6132826.63,Plaque,,POINT (15428614.260671 -4153464.33240561)
LEIGH ST,108,280550.2,6132828.15,Plaque,,POINT (15428614.1128166 -4153462.46479344)
LEIGH ST,109,280549.54,6132827.32,Plaque,,POINT (15428613.2835203 -4153463.4655423)
LEIGH ST,110,280551.03,6132827.47,Plaque,,POINT (15428615.1073955 -4153463.316166)
LEIGH ST,111,280550.12,6132829.14,Plaque,,POINT (15428614.0541256 -4153461.25046326)
LEIGH ST,112,280546.85,6132802.39,Plaque,,POINT (15428609.2873263 -4153493.87928496)
LEIGH ST,113,280547.46,6132795.08,Plaque,,POINT (15428609.8140095 -4153502.83405037)
LEIGH ST,114,280548.39,6132783.92,Plaque,,POINT (15428610.6201338 -4153516.51016342)
LEIGH ST,115,280549.01,6132776.53,Plaque,,POINT (15428611.1527685 -4153525.57279681)
LEIGH ST,116,280549.86,6132766.29,Plaque,,POINT (15428611.8908795 -4153538.11882577)
LEIGH ST,117,280550.68,6132756.47,Plaque,,POINT (15428612.59961 -4153550.16112082)
LEIGH ST,118,280551.55,6132745.96,Plaque,,POINT (15428613.3576872 -4153563.0442425)
LEIGH ST,119,280551.19,6132799.25,Plaque,,POINT (15428614.4792221 -4153497.84402995)
LEIGH ST,120,280551.51,6132795.47,Plaque,,POINT (15428614.7521877 -4153502.47953295)
LEIGH ST,121,280551.81,6132791.78,Plaque,,POINT (15428615.0168263 -4153507.00468285)
LEIGH ST,122,280552.12,6132788.03,Plaque,,POINT (15428615.2870457 -4153511.60218137)
LEIGH ST,123,280552.28,6132786.12,Plaque,,POINT (15428615.4237865 -4153513.93462891)
LEIGH ST,124,280554.02,6132782.18,Plaque,,POINT (15428617.4200077 -4153518.80754523)
LEIGH ST,125,280554.19,6132780.62,Plaque,,POINT (15428617.5812471 -4153520.72689498)
LEIGH ST,126,280553.33,6132781.3,Plaque,,POINT (15428616.5637021 -4153519.86762045)
LEIGH ST,127,280554.85,6132781.44,Plaque,,POINT (15428618.4174736 -4153519.74221917)
LEIGH ST,128,280552.69,6132781.25,Plaque,,POINT (15428615.7744671 -4153519.90610352)
LEIGH ST,129,280555.55,6132780.75,Plaque,,POINT (15428619.2462732 -4153520.59693971)
LEIGH ST,130,280554.25,6132779.84,Plaque,,POINT (15428617.6340787 -4153521.67672001)
LEIGH ST,131,280552.81,6132779.76,Plaque,,POINT (15428615.8817387 -4153521.73847587)
LEIGH ST,132,280552.9,6132778.67,Plaque,,POINT (15428615.9595996 -4153523.06832508)
LEIGH ST,133,280553.39,6132772.73,Plaque,,POINT (15428616.3862909 -4153530.34513122)
LEIGH ST,134,280553.57,6132770.6,Plaque,,POINT (15428616.5406594 -4153532.9595135)
LEIGH ST,135,280553.73,6132768.65,Plaque,,POINT (15428616.6807506 -4153535.35569104)
LEIGH ST,136,280554.06,6132764.72,Plaque,,POINT (15428616.9628712 -4153540.16890136)
LEIGH ST,137,280554.39,6132760.78,Plaque,,POINT (15428617.246005 -4153544.99070575)
LEIGH ST,138,280554.55,6132758.79,Plaque,,POINT (15428617.3899143 -4153547.43103976)
LEIGH ST,139,280554.47,6132759.78,Plaque,,POINT (15428617.317828 -4153546.21637724)
LEIGH ST,140,280554.96,6132753.94,Plaque,,POINT (15428617.7385701 -4153553.38534812)
LEIGH ST,141,280555.04,6132752.93,Plaque,,POINT (15428617.8114647 -4153554.61716607)
LEIGH ST,142,280555.2,6132750.95,Plaque,,POINT (15428617.9532019 -4153557.04643431)
LEIGH ST,157,280541.59,6132838.48,Monument,GRC BASE FOR LIGHTING COLUMN,POINT (15428603.9402365 -4153449.57617036)
LEIGH ST,158,280548.38,6132838.98,Monument,GRC BASE FOR LIGHTING COLUMN,POINT (15428612.2207026 -4153449.16154508)
LEIGH ST,159,280559.27,6132714.08,Monument,GRC BASE FOR LIGHTING COLUMN,POINT (15428621.8310576 -4153602.26307666)
LEIGH ST,160,280548.84,6132713.31,Monument,GRC BASE FOR LIGHTING COLUMN,POINT (15428609.1049558 -4153602.90094182)
MOONTA ST,209,280416.07,6132052.05,Sculpture,MOONTA STREET LIONS,POINT (15428428.0751489 -4154407.91060666)
MOONTA ST,210,280403.2,6132185.47,Sculpture,MOONTA STREET - NORTHERN ENTRANCE GATEWAY,POINT (15428416.3019077 -4154244.31472618)
MORPHETT ST 1,86,280267.07,6131792.05,Plaque,BROWN STREET NAMING PLAQUE,POINT (15428239.0000656 -4154721.58958443)
PULTENEY ST,82,281316.84,6132798.09,Sculpture,2.6MT PINK GRANITE PAUL TRAPPE SCULPTURE,POINT (15429546.7881642 -4153521.7185014)
PULTENEY ST,89,281380.4,6131914.34,Plaque,HANSON STRET NAMING PLAQUE,POINT (15429598.4315048 -4154604.6679596)
PULTENEY ST,175,281370.24,6131815.25,Sculpture,"""""THE FOREST OF DREAMS"""" METAL SCULPTURES",POINT (15429583.16973 -4154725.59340316)
PULTENEY ST,216,281252.93,6132803.72,Sculpture,"HINDMARSH SQUARE - """"SUNFLOWER"""" SCULPTURE",POINT (15429469.1277957 -4153512.96027152)
PULTENEY ST,212,281254.11,6132802.08,Sculpture,"HINDMARSH SQUARE - """"BONE"""" SCULPTURE",POINT (15429470.5168919 -4153515.00093675)
PULTENEY ST,225,281249.51,6132799.87,Sculpture,"HINDMARSH SQUARE - """"TOOTH"""" SCULPTURE",POINT (15429464.8509514 -4153517.56957275)
PULTENEY ST,226,281251.91,6132798.35,Sculpture,"HINDMARSH SQUARE - """"TOOTH"""" SCULPTURE",POINT (15429467.7291641 -4153519.49918031)
PULTENEY ST,227,281254.55,6132797.89,Sculpture,"HINDMARSH SQUARE - """"TOOTH"""" SCULPTURE",POINT (15429470.9305338 -4153520.13918476)
PULTENEY ST,218,281256.07,6132798.71,Sculpture,"HINDMARSH SQUARE - """"SUNFLOWER"""" SCULPTURE",POINT (15429472.8053742 -4153519.18064491)
PULTENEY ST,244,281264.24,6132813.59,Plaque,HINDMARSH SQUARE PLAYSPACE COMMISSIONING PLAQUE,POINT (15429483.187935 -4153501.21815175)
RUNDLE MALL,247,281062.62,6132895.39,Sculpture,SPHERES - 2 STAINLESS STEEL BALLS CC REF:CC000929,POINT (15429240.0525914 -4153395.25220298)
RUNDLE MALL,248,280984.49,6132887.83,Sculpture,GIRL ON A SLIDE,POINT (15429144.6938998 -4153402.21058481)
RUNDLE MALL,273,280882.89,6132879.22,Sculpture,A DAY OUT 4 - LIFE SIZE PIGS & BIN LID CC REF:CC002700,POINT (15429020.7262807 -4153409.75921907)
SIR EDWIN SMITH AVE,262,280708.62,6133826.78,Memorial,THEIR NAME LIVETH FOREVER MEMORIAL,POINT (15428836.2065108 -4152245.63209224)
SIR EDWIN SMITH AVE,259,280785.08,6133859.9,Monument,NAVAL GARDENS ANCHOR,POINT (15428930.2696199 -4152207.36662422)
SIR EDWIN SMITH AVE,33,280707.21,6133806.16,Plaque,MISS M S DOUGLAS TREE PLANTING PLAQUE,POINT (15428833.8873481 -4152270.81093995)
SIR EDWIN SMITH AVE,34,280751.82,6133775.93,Statue,GEORGE V CC REF:CC001790,POINT (15428887.3206056 -4152309.0942184)
VICTOR RICHARDSON RD,10,280502.87,6133795.04,Statue,THE FARNESE HERCULES CC REF:CC000099,POINT (15428584.7623818 -4152278.41242368)
VICTOR RICHARDSON RD,11,280513.91,6133742.36,Commerative Fountain,,POINT (15428596.6640944 -4152343.16955734)
VICTOR RICHARDSON RD,168,280549.96,6133689.24,Fountain,CRESWELL GARDENS FOUNTAIN,POINT (15428639.0050444 -4152409.1997708)
VICTORIA DR,149,280785.73,6133499.82,Monument,VIETNAM VETERANS MEMORIAL,POINT (15428920.5449999 -4152647.80471532)
VICTORIA DR,36,280812.93,6133492.59,Plaque,AMERICA REMEMBERS PLAQUE,POINT (15428953.4531448 -4152657.44599324)
VICTORIA DR,257,280788.78,6133487.66,Monument,PASSAGE TO FREEDOM MONUMENT,POINT (15428923.9035889 -4152662.7675704)
VICTORIA DR,258,280785.21,6133487.28,Monument,RESETTLE INTEGRATION CONTRIBUTION MONUMENT,POINT (15428919.5455786 -4152663.12762182)
VICTORIA SQ,151,280828.66,6132268.32,Statue,CHARLES CAMERON KINGSTON CC REF:CC000152,POINT (15428936.8399435 -4154155.46450291)
VICTORIA SQ,155,280778.86,6132240.92,Statue,VICTORIA R.I. CC REF:CC000104,POINT (15428875.4010169 -4154187.5140545)
WAKEFIELD ST,281,280782.539,6132202.459,Plaque,CENTENARY OF STREET PASSENGER TRANSPORT IN ADELAIDE PLAQUE -  CC REF: CC002356,POINT (15428878.7559952 -4154234.67409098)
WAR MEMORIAL DR,286,280721.7095,6133745.91,Plaque,war memorial drive plaque,POINT (15428849.7816068 -4152344.92849649)
WAR MEMORIAL DR,170,280542.35,6133467.68,Fountain,ELDER PARK FOUNTAIN - FLOATING,POINT (15428623.2611115 -4152679.97176293)
WAR MEMORIAL DR,12,280566.14,6133638.51,Statue,SIR ROSS SMITH CC REF:CC000469,POINT (15428657.2226451 -4152471.72348883)
WAR MEMORIAL DR,265,280562.91,6133481.13,Sculpture,"""""TALKING OUR WAY HOME"""" 5 GLASS & STAINLESS STEEL BOATS",POINT (15428648.6886551 -4152664.12441477)
CATHERINE HELEN SPENCE ST,284,281080.683,6131759.243,Sculpture,"""""RETRACE"""" LOW RELIEF SCULPTURE AND LIGHTING INSTALLATION- 2002- BY SUE RODWELL AND TREVOR RODWELL",POINT (15429215.5910746 -4154787.01056804)
CATHERINE HELEN SPENCE ST,272,281080.68,6131759.24,Sculpture,"""RETRACE"" LOW RELIEF SCULPTURE AND LIGHTING INSTALLATION- 2002- BY SUE RODWELL AND TREVOR RODWELL",POINT (15429228.8978407 -4154785.62583026)
LIBERMAN CL,268,281639.2,6132894.63,Sculpture,"""""THE APRON"""" METAL & WOOD SCULPTURE",POINT (15429942.1440031 -4153413.05959412)
LIBERMAN CL,269,281622.17,6132886.91,Sculpture,"""""OWEN BROUGHTON"""" METAL SCULPTURE",POINT (15429921.1818322 -4153421.99894634)
OLD ACCESS RD PK21 VEALE GDNS,93,280729.84,6131370.5,Fountain,VEALE GARDENS FOUNTAIN - ADJ. PAVILLION ON THE PARK,POINT (15428790.2557905 -4155250.91557489)
LIGHT SQ NORTH SLIP LANE,67,280201.41,6132586.96,Plaque,LIGHT SQUARE REDESIGN PLAQUE,POINT (15428182.3325749 -4153747.23926042)
LIGHT SQ NORTH SLIP LANE,249,280183.58,6132703.68,Sculpture,STAINLESS STEEL SCULPTURE - 'THE KNOT',POINT (15428164.0386614 -4153603.9448633)
LIGHT SQ NORTH SLIP LANE,492,,,Plaque,bert flugeman,POINT (15428712.4384546 -4153868.07692433)
LIGHT SQ NORTH SLIP LANE,493,280184.1398,6132698.058,Plaque,bert flugeman,POINT (15428164.5533386 -4153610.83231831)
LIGHT SQ EAST AND WEST,69,280162.93,6132549.08,Statue,CATHERINE HELEN SPENCE CC REF:CC001785,POINT (15428134.360529 -4153792.44469259)
VICTORIA SQ (EAST SIDE KING WILLIAM STTO KING WILLIAM ST,278,280769.731,6132345.68,Plaque,VICTORIA SQUARE FOUNTAIN PLAQUE,POINT (15428867.3441507 -4154059.0958202)
VICTORIA SQ (EAST SIDE KING WILLIAM STTO KING WILLIAM ST,279,280786.068,6132333.292,Plaque,MAJOR GENERAL SIR WINSTON J DUGAN TREE PLANTING PLAQUE,POINT (15428886.8769195 -4154074.72953712)
PARK 05 - NGAMPA YARTA,27,280462.6,6135472.05,Plaque,NATIVE TREE AND SHRUB PLANTING PLAQUE - CC REF:CC002296,POINT (15428584.7584754 -4150226.26916736)
PARK 10 - WARNPANGGA,28,281410.45,6134429.8,Memorial,NORTH ADELAIDE WAR MEMORIAL CC REF:CC000247,POINT (15429708.2987315 -4151528.66319089)
PARK 11 - TAINMUNTILLA,251,281801.54,6134179.56,Sculpture,"""""JOURNEY"""" METAL SCULPTURE - CC REF:CC002310",POINT (15430177.1814227 -4151846.14480325)
PARK 11 - TAINMUNTILLA,252,281671.93,6134060.22,Sculpture,"""""LANDLINE - TIMELINE"""" POLISHED STONE / STEEL SCULPTURE - CC REF:CC002310",POINT (15430015.9051479 -4151988.32060491)
PARK 11 - TAINMUNTILLA,253,281695.7,6134033.79,Sculpture,"""""RIVER MARKERS"""" - STAINLESS STEEL SCULPTURES - CC REF:CC002310",POINT (15430044.0779357 -4152021.34092423)
PARK 11 - TAINMUNTILLA,254,281620.88,6134036.91,Sculpture,"""""END DIVIDED PATH"""" - STONE & CONCRETE MONOLITH - CC REF:CC002310",POINT (15429953.0707792 -4152015.3389723)
PARK 11 - TAINMUNTILLA,255,281585.59,6134041.71,Sculpture,"""""YOU ARE HERE"""" - GRANITE SCULPTURE - CC REF:CC002310",POINT (15429910.2427413 -4152008.43690801)
PARK 12 - KARRAWIRRA,256,280681.08,6133683.94,Monument,SIMPSON AND DONKEY,POINT (15428798.5010164 -4152419.53190478)
PARK 12 - KARRAWIRRA,260,280861.09,6134140.23,Memorial,FORGOTTEN AUSTRALIANS MEMORIAL,POINT (15429031.0003623 -4151866.7319186)
PARK 12 - KARRAWIRRA,261,280670.05,6133837.28,Memorial,ATATURK TRIBUTE MEMORIAL,POINT (15428789.5513961 -4152231.65766468)
PARK 12 - KARRAWIRRA,263,280706.58,6133867.55,Memorial,ETERNAL FLAME MEMORIAL,POINT (15428834.9136726 -4152195.70679787)
PARK 12 - KARRAWIRRA,264,281248.26,6133577.86,Sculpture,"""""THE FUGUE"""" ABSTRACT METAL SCULPTURE",POINT (15429486.0069466 -4152565.90703694)
PARK 12 - KARRAWIRRA,245,280714.37,6133455.81,Statue,LADY ESTHER LIPMAN JACOBS - BRONZE BUST,POINT (15428832.3697911 -4152699.54111281)
PARK 12 - KARRAWIRRA,246,280718.45,6133415.54,Statue,VAIBEN LOUIS SOLOMON - BRONZE BUST,POINT (15428836.1611413 -4152748.91693834)
PARK 12 - KARRAWIRRA,199,280858.3,6133060.98,Statue,MATTHEW FLINDERS CC REF:CC001789,POINT (15428996.0935144 -4153186.70862771)
PARK 12 - KARRAWIRRA,200,280813.27,6133057.72,Statue,VENUS DI CANOVA CC REF:CC000098,POINT (15428941.1661811 -4153189.37513907)
PARK 12 - KARRAWIRRA,201,280791.15,6133056.52,Statue,DAME ROMA MITCHELL CC REF:CC002568,POINT (15428914.1960543 -4153190.19390879)
PARK 12 - KARRAWIRRA,204,280819.53,6133062.88,Statue,SIR MELLIS NAPIER CC REF:CC001792,POINT (15428948.9395711 -4153183.24711907)
PARK 12 - KARRAWIRRA,205,280821.97,6133060.44,Statue,LORD FLOREY CC REF:CC001791,POINT (15428951.8394408 -4153186.30330936)
PARK 12 - KARRAWIRRA,206,280826.89,6133054.93,Statue,MARY LEE CC REF:CC002328,POINT (15428957.6694916 -4153193.18747841)
PARK 12 - KARRAWIRRA,207,280829.32,6133059.28,Statue,MARK OLIPHANT CC REF:CC001793,POINT (15428960.7555052 -4153187.93786534)
PARK 12 - KARRAWIRRA,178,280657.7963,6133890.866,Memorial,CROSS OF SACRIFICE CC REF:CC001801,POINT (15428776.1973424 -4152165.75807927)
PARK 12 - KARRAWIRRA,288,280748.1554,6133057.029,Plaque,the Jubilee 150 board,POINT (15428861.8572968 -4153188.30928067)
PARK 12 - KARRAWIRRA,289,280748.275,6133054.047,Plaque,George Fife Angas,POINT (15428861.9157979 -4153191.96060736)
PARK 12 - KARRAWIRRA,290,280748.2881,6133051.851,Plaque,George French Angas,POINT (15428861.86759 -4153194.64700964)
PARK 12 - KARRAWIRRA,291,280748.2068,6133050.274,Plaque,Dr Charles George Everhard M.D.,POINT (15428861.7225248 -4153196.57323822)
PARK 12 - KARRAWIRRA,292,280748.2799,6133048.996,Plaque,Sir Henry Ayers,POINT (15428861.7741939 -4153198.13875208)
PARK 12 - KARRAWIRRA,293,280748.1734,6133047.399,Plaque,Walter Hervey Bagot,POINT (15428861.5978295 -4153200.08992876)
PARK 12 - KARRAWIRRA,294,280758.3447,6133042.478,Plaque,Sir Richard Baker,POINT (15428873.8394551 -4153206.40744292)
PARK 12 - KARRAWIRRA,295,280761.4855,6133043.173,Plaque,Robert Barr Smith,POINT (15428877.6842443 -4153205.64986581)
PARK 12 - KARRAWIRRA,296,280763.858,6133043.206,Plaque,Tom Elder Barr Smith,POINT (15428880.5741537 -4153205.67925174)
PARK 12 - KARRAWIRRA,297,280766.1163,6133043.358,Plaque,Percy Raymond Begg,POINT (15428883.328501 -4153205.55886855)
PARK 12 - KARRAWIRRA,298,280768.4419,6133043.688,Plaque,Dervish Bejah,POINT (15428886.1699694 -4153205.22395367)
PARK 12 - KARRAWIRRA,299,280771.2026,6133043.748,Plaque,Susan Grace Benny,POINT (15428889.5333684 -4153205.23182597)
PARK 12 - KARRAWIRRA,300,280774.0195,6133043.802,Plaque,John Bishop,POINT (15428892.9650435 -4153205.24795182)
PARK 12 - KARRAWIRRA,301,280776.4209,6133044.044,Plaque,John McConnell Black,POINT (15428895.8962585 -4153205.02216647)
PARK 12 - KARRAWIRRA,302,280780.0024,6133044.447,Plaque,Abraham tobias Boas,POINT (15428900.2691506 -4153204.63456612)
PARK 12 - KARRAWIRRA,303,280783.0654,6133044.359,Plaque,Jean lady bonython,POINT (15428903.9963253 -4153204.83258334)
PARK 12 - KARRAWIRRA,304,280787.4098,6133044.684,Plaque,Sir Langdon Bonython,POINT (15428909.2959396 -4153204.56143116)
PARK 12 - KARRAWIRRA,305,280790.826,6133045.155,Plaque,Sir Donald Bradman,POINT (15428913.4695176 -4153204.08653127)
PARK 12 - KARRAWIRRA,306,280794.0333,6133045.487,Plaque,Bragg,POINT (15428917.3846904 -4153203.77430117)
PARK 12 - KARRAWIRRA,307,280797.5163,6133045.72,Plaque,Hooper Josse Brewster Jones,POINT (15428921.6326946 -4153203.59088945)
PARK 12 - KARRAWIRRA,308,280801.2209,6133045.919,Plaque,Sir George Brookman,POINT (15428926.1495233 -4153203.45642354)
PARK 12 - KARRAWIRRA,309,280804.5289,6133046.218,Plaque,Henry John Harry Butler,POINT (15428930.1863523 -4153203.18750932)
PARK 12 - KARRAWIRRA,310,280808.4486,6133046.44,Plaque,sir Hugh Cairns,POINT (15428934.9657847 -4153203.03085092)
PARK 12 - KARRAWIRRA,311,280811.6679,6133046.759,Plaque,Charles Witto-WittoCawthorne,POINT (15428938.8951836 -4153202.73511153)
PARK 12 - KARRAWIRRA,312,280814.8445,6133047.065,Plaque,Sir Robert Chapman,POINT (15428942.7721988 -4153202.45438641)
PARK 12 - KARRAWIRRA,313,280818.064,6133047.245,Plaque,Sir John Cleland,POINT (15428946.6977897 -4153202.32830773)
PARK 12 - KARRAWIRRA,314,280821.3841,6133047.311,Plaque,Kate Cocks,POINT (15428950.742532 -4153202.34535787)
PARK 12 - KARRAWIRRA,315,280825.3313,6133047.849,Plaque,Sir Walter Crocker,POINT (15428955.56468 -4153201.80296672)
PARK 12 - KARRAWIRRA,316,280829.0725,6133048.12,Plaque,David Friedrich Dallwitz,POINT (15428960.1281841 -4153201.58124584)
PARK 12 - KARRAWIRRA,317,280832.6298,6133048.597,Plaque,Sir Samuel Davenport,POINT (15428964.4737527 -4153201.10300498)
PARK 12 - KARRAWIRRA,318,280837.6347,6133049.092,Plaque,Constance Muriel Davey,POINT (15428970.5826058 -4153200.6433804)
PARK 12 - KARRAWIRRA,319,280841.7047,6133050.016,Plaque,Peter Dawson,POINT (15428975.5655367 -4153199.63328494)
PARK 12 - KARRAWIRRA,320,280846.1223,6133050.483,Plaque,Lillian Daphne de Lissa,POINT (15428980.9584094 -4153199.19140799)
PARK 12 - KARRAWIRRA,321,280849.7146,6133051.185,Plaque,C J Dennis,POINT (15428985.3531868 -4153198.4381099)
PARK 12 - KARRAWIRRA,322,280853.6388,6133051.294,Plaque,Sir Samuel Benson Dickinson,POINT (15428990.1348088 -4153198.41929177)
PARK 12 - KARRAWIRRA,323,280856.9119,6133052.129,Plaque,Charles Duguid,POINT (15428994.1447623 -4153197.49491927)
PARK 12 - KARRAWIRRA,324,280859.8941,6133052.414,Plaque,sir Lloyd Dumas,POINT (15428997.7844741 -4153197.23293596)
PARK 12 - KARRAWIRRA,325,280862.853,6133052.671,Plaque,Donald Allen Dunstan,POINT (15429001.3949639 -4153197.00586302)
PARK 12 - KARRAWIRRA,326,280865.81,6133052.962,Plaque,sir Thomas Elder,POINT (15429005.0041563 -4153196.73616586)
PARK 12 - KARRAWIRRA,327,280868.7999,6133053.362,Plaque,Gladys Elphick,POINT (15429008.6565641 -4153196.3353272)
PARK 12 - KARRAWIRRA,328,280871.8251,6133053.753,Plaque,Farr Julia Warren Farr,POINT (15429012.3517047 -4153195.94604232)
PARK 12 - KARRAWIRRA,329,280875.1863,6133054.012,Plaque,Francis Hardey Faulding,POINT (15429016.452149 -4153195.72734046)
PARK 12 - KARRAWIRRA,330,280878.6955,6133054.287,Plaque,Lord Florey,POINT (15429020.7332566 -4153195.49426339)
PARK 12 - KARRAWIRRA,331,280881.8247,6133054.59,Plaque,Reverend John Flynn,POINT (15429024.5524864 -4153195.21481026)
PARK 12 - KARRAWIRRA,332,280885.1092,6133054.942,Plaque,David Fowler,POINT (15429028.5622352 -4153194.88070827)
PARK 12 - KARRAWIRRA,333,280888.3569,6133054.909,Plaque,Alfred Edward Gerard,POINT (15429032.5159372 -4153195.01621213)
PARK 12 - KARRAWIRRA,334,280891.747,6133055.265,Plaque,Sir Claude Gibb,POINT (15429036.6543751 -4153194.68092341)
PARK 12 - KARRAWIRRA,335,280896.2992,6133055.393,Plaque,world War 1,POINT (15429042.2012637 -4153194.65689488)
PARK 12 - KARRAWIRRA,336,280899.8061,6133056.084,Plaque,World War 2,POINT (15429046.4917107 -4153193.9151345)
PARK 12 - KARRAWIRRA,337,280903.6476,6133056.522,Plaque,Vietnam War,POINT (15429051.1822209 -4153193.49204369)
PARK 12 - KARRAWIRRA,338,280908.0224,6133057.147,Plaque,Gladys Ruth Gibson,POINT (15429056.5275946 -4153192.85524232)
PARK 12 - KARRAWIRRA,339,280912.282,6133057.734,Plaque,William Anstey Giles,POINT (15429061.7315669 -4153192.26215288)
PARK 12 - KARRAWIRRA,340,280916.4166,6133058.073,Plaque,s t Gill,POINT (15429066.776091 -4153191.96862589)
PARK 12 - KARRAWIRRA,341,280807.0189,6133864.83,Plaque,all for each,POINT (15428957.1257849 -4152201.98032975)
PARK 12 - KARRAWIRRA,342,280807.8249,6133863.057,Plaque,w.r.a.n.s tribute,POINT (15428958.0553835 -4152204.17226569)
PARK 12 - KARRAWIRRA,343,280808.2832,6133861.406,Plaque,womens royal australian naval service,POINT (15428958.5651685 -4152206.20588709)
PARK 12 - KARRAWIRRA,344,280808.5228,6133859.935,Plaque,hmas australia,POINT (15428958.8139467 -4152208.01208149)
PARK 12 - KARRAWIRRA,345,280809.0989,6133858.289,Plaque,hmas canberra,POINT (15428959.4673314 -4152210.04206491)
PARK 12 - KARRAWIRRA,346,280809.4645,6133857.219,Plaque,hmas shropshire,POINT (15428959.8812301 -4152211.3616184)
PARK 12 - KARRAWIRRA,347,280809.3221,6133854.678,Plaque,hmas sydney 2,POINT (15428959.6336638 -4152214.46482759)
PARK 12 - KARRAWIRRA,348,280809.196,6133852.915,Plaque,the cruiser hmas hobart,POINT (15428959.4286463 -4152216.61756182)
PARK 12 - KARRAWIRRA,349,280809.207,6133850.988,Plaque,hmas perth,POINT (15428959.38579 -4152218.97404876)
PARK 12 - KARRAWIRRA,350,280808.8577,6133848.868,Plaque,hmas arunta,POINT (15428958.898565 -4152221.55773709)
PARK 12 - KARRAWIRRA,351,280808.1366,6133846.948,Plaque,hmas warramunga,POINT (15428957.9645088 -4152223.8849234)
PARK 12 - KARRAWIRRA,352,280806.9054,6133845.895,Plaque,hmas bataan,POINT (15428956.4346833 -4152225.13672637)
PARK 12 - KARRAWIRRA,353,280805.538,6133843.868,Plaque,the 5 n class destroyers,POINT (15428954.7105947 -4152227.57533743)
PARK 12 - KARRAWIRRA,354,280803.6961,6133843.292,Plaque,hmas quiberon,POINT (15428952.4511207 -4152228.22593388)
PARK 12 - KARRAWIRRA,355,280802.6812,6133842.647,Plaque,v and w class destroyers,POINT (15428951.1965781 -4152228.98469227)
PARK 12 - KARRAWIRRA,356,280800.8433,6133841.488,Plaque,hmas warrego,POINT (15428948.9249324 -4152230.34920256)
PARK 12 - KARRAWIRRA,357,280799.5157,6133840.592,Plaque,hmas hawkesbury,POINT (15428947.2823153 -4152231.40615155)
PARK 12 - KARRAWIRRA,358,280798.6621,6133840.399,Plaque,corvette association,POINT (15428946.23736 -4152231.61704742)
PARK 12 - KARRAWIRRA,359,280797.8641,6133839.984,Plaque,navy army airforce,POINT (15428945.2536192 -4152232.10110085)
PARK 12 - KARRAWIRRA,360,,,Plaque,hmas encounter,POINT (15428970.7526463 -4151984.94802318)
PARK 12 - KARRAWIRRA,361,280944.2732,6133061.113,Plaque,William Gosse,POINT (15429100.7852684 -4153189.068)
PARK 12 - KARRAWIRRA,362,280947.8464,6133061.165,Plaque,George Goyder,POINT (15429105.1378187 -4153189.10856163)
PARK 12 - KARRAWIRRA,363,280951.6851,6133061.995,Plaque,Margaret Graham,POINT (15429109.8363563 -4153188.20599246)
PARK 12 - KARRAWIRRA,364,280954.9696,6133062.14,Plaque,W.H. Gray,POINT (15429113.8400708 -4153188.12457231)
PARK 12 - KARRAWIRRA,365,280957.2729,6133062.646,Plaque,Sir Archibald Grenfell Price,POINT (15429116.6595167 -4153187.57353918)
PARK 12 - KARRAWIRRA,366,280960.0086,6133062.837,Plaque,George Hall,POINT (15429119.99629 -4153187.42061386)
PARK 12 - KARRAWIRRA,367,280968.6563,6133063.355,Plaque,Henry Richard captain Hancock,POINT (15429130.5415642 -4153187.03994705)
PARK 12 - KARRAWIRRA,368,280972.0231,6133063.628,Plaque,Alfred Hannaford,POINT (15429134.6492035 -4153186.80546395)
PARK 12 - KARRAWIRRA,369,280975.2509,6133063.818,Plaque,George Hannaford,POINT (15429138.5851828 -4153186.66757309)
PARK 12 - KARRAWIRRA,370,280979.4182,6133064.25,Plaque,John Anderson Hartley,POINT (15429143.6722455 -4153186.26084536)
PARK 12 - KARRAWIRRA,371,280983.2066,6133064.933,Plaque,George Frederick Hassell,POINT (15429148.305231 -4153185.53696224)
PARK 12 - KARRAWIRRA,372,280986.3386,6133065.37,Plaque,Charles Allen Seymour Hawker,POINT (15429152.1317767 -4153185.09363858)
PARK 12 - KARRAWIRRA,373,280989.9395,6133065.541,Plaque,Colin Sydney Hayes,POINT (15429156.5215178 -4153184.98992074)
PARK 12 - KARRAWIRRA,29,280849.41,6134030,Memorial,CHINESE DEMOCRACY GROUP WALL & PLAQUE MEMORIAL CC REF:CC002116,POINT (15429013.5618088 -4152001.2075231)
PARK 12 - KARRAWIRRA,30,280821.01,6133978.82,Plaque,AMERICA REMEMBERS PLAQUE - CC REF:CC002437,POINT (15428977.4891205 -4152062.97148788)
PARK 12 - KARRAWIRRA,31,280787.73,6133898.66,Plaque,SRI CHINMOY PEACE MILE PLAQUE - CC REF:CC002287,POINT (15428934.6280531 -4152160.03746875)
PARK 12 - KARRAWIRRA,32,280811.2815,6133853.632,Memorial,NAVAL MEMORIAL CC REF:CC002371,POINT (15428961.988824 -4152215.80214292)
PARK 12 - KARRAWIRRA,35,280715.67,6133678.28,Memorial,ANGAS MEMORIAL CC REF:CC000151,POINT (15428840.4522779 -4152427.469897)
PARK 12 - KARRAWIRRA,37,280767.57,6133371.56,Statue,WOMEN'S MEMORIAL GARDEN STATUE CC REF:CC001788,POINT (15428894.6864961 -4152804.15264899)
PARK 12 - KARRAWIRRA,38,280737.22,6133370.9,Plaque,PIONEER WOMEN OF SOUTH AUSTRALIA PLAQUE - CC REF:CC002360,POINT (15428857.7119237 -4152804.06929398)
PARK 12 - KARRAWIRRA,39,280773.49,6133364.44,Plaque,LADY DUNSTAN TREE PLANTING PLAQUE,POINT (15428901.6869319 -4152813.035227)
PARK 12 - KARRAWIRRA,46,280707.91,6133316.14,Memorial,UNITED EX SERVICE WOMEN (SA) INC. MEMORIAL,POINT (15428820.4229286 -4152870.18918214)
PARK 12 - KARRAWIRRA,47,280709.21,6133303.86,Plaque,10TH INFANTRY BATTALION PLAQUE - CC REF:CC002527,POINT (15428821.647048 -4152885.24777265)
PARK 12 - KARRAWIRRA,56,280888.79,6133089.29,Memorial,8TH AUSTRALIAN DIVISION AIF MEMORIAL,POINT (15429034.0472003 -4153152.97433388)
PARK 12 - KARRAWIRRA,57,280877.64,6133089.24,Memorial,10TH BATTALION 3RD BDE AIF MEMORIAL,POINT (15429020.468648 -4153152.70844459)
PARK 12 - KARRAWIRRA,58,280892.7,6133078.61,Memorial,NAVY- ARMY- AIR FORCE MEMORIAL CC REF:CC002279,POINT (15429038.4964782 -4153166.1527349)
PARK 12 - KARRAWIRRA,59,280878.74,6133077.28,Memorial,TOBRUK SIEGE: RATS OF TOBRUK MEMORIAL,POINT (15429021.4588586 -4153167.37011602)
PARK 12 - KARRAWIRRA,60,280885.49,6133059.24,Plaque,FRENCH WAR MEMORIAL PLAQUE,POINT (15429029.1514278 -4153189.63457281)
PARK 12 - KARRAWIRRA,54,281433.57,6133103.78,Plaque,EXTENSION TO PRINCE HENRY GARDENS PLAQUE,POINT (15429697.8369689 -4153151.20930802)
PARK 12 - KARRAWIRRA,188,280963.96,6133061.71,Statue,KING EDWARD VII CC REF:CC000194,POINT (15429124.7749502 -4153188.9145304)
PARK 12 - KARRAWIRRA,189,281225.3,6133094.45,Statue,SIR DOUGLAS MAWSON CC REF:CC001794,POINT (15429443.9586898 -4153156.525253)
PARK 12 - KARRAWIRRA,190,281212.17,6133089.7,Statue,SIR SAMUEL JAMES WAY CC REF:CC001796,POINT (15429427.8320605 -4153161.95090465)
PARK 12 - KARRAWIRRA,191,280991.26,6133104.54,Statue,ROBERT BURNS CC REF:CC000103,POINT (15429159.2676512 -4153137.3254708)
PARK 12 - KARRAWIRRA,192,280993.8,6133079.24,Statue,JOHN DOWIE BUST,POINT (15429161.6221744 -4153168.3467647)
PARK 12 - KARRAWIRRA,193,281061.59,6133086.89,Plaque,LAVINGTON BONYTHON FOUNTAIN PLAQUE - CC REF: CC001807,POINT (15429244.3918725 -4153160.97640962)
PARK 12 - KARRAWIRRA,194,281062.38,6133086.98,Plaque,FOURTEEN FOUNTAINS PLAQUE,POINT (15429245.3564647 -4153160.8894752)
PARK 12 - KARRAWIRRA,161,280891.36,6133079.42,Plaque,HMAS ADELAIDE VISIT PLAQUE - CC REF:CC002214,POINT (15429036.8884405 -4153165.12264364)
PARK 12 - KARRAWIRRA,162,280721.45,6133313.42,Plaque,BRITISH COMMONWEALTH OCCUPATIONAL FORCES AUSTRALIAN CONTINGENT PLAQUE - CC REF:CC002530,POINT (15428836.830357 -4152873.91359869)
PARK 12 - KARRAWIRRA,163,280733.58,6133318.89,Plaque,COMMEMORATING THE LOYAL SERVICE GIVEN TO THE NATION PLAQUE,POINT (15428851.7602001 -4152867.57891453)
PARK 12 - KARRAWIRRA,164,280739.72,6133322.02,Plaque,7TH AUSTRALIAN DIVISION AIF PLAQUE,POINT (15428859.327979 -4152863.93061838)
PARK 12 - KARRAWIRRA,375,280996.8563,6133066.21,Plaque,Sir Robert Helpmann,POINT (15429164.9634867 -4153184.37487261)
PARK 12 - KARRAWIRRA,285,280817.9273,6133921.359,Memorial,may peace prevail on earth,POINT (15428972.0580667 -4152133.16054499)
PARK 12 - KARRAWIRRA,385,281033.0753,6133069.15,Plaque,Sir Sidney Kidman,POINT (15429209.1524857 -4153181.83979792)
PARK 12 - KARRAWIRRA,386,281036.659,6133069.575,Plaque,Charles Cameron Kingston,POINT (15429213.5286906 -4153181.42498322)
PARK 12 - KARRAWIRRA,387,281040.8903,6133069.913,Plaque,Sir George Kingston,POINT (15429218.6909152 -4153181.13605611)
PARK 12 - KARRAWIRRA,388,281044.1942,6133070.212,Plaque,Andrew Kirkpatrick,POINT (15429222.7227506 -4153180.86654795)
PARK 12 - KARRAWIRRA,391,281054.2535,6133071.043,Plaque,Colonel William Light,POINT (15429234.9960135 -4153180.14502887)
PARK 12 - KARRAWIRRA,392,281056.9119,6133071.171,Plaque,Dame Ruby Litchfield,POINT (15429238.2368315 -4153180.06637447)
PARK 12 - KARRAWIRRA,394,281065.1102,6133071.819,Plaque,Murdoch Stanley McLeod,POINT (15429248.2386409 -4153179.51450903)
PARK 12 - KARRAWIRRA,401,281088.0191,6133073.844,Plaque,Helen Mary Mayo,POINT (15429276.1934446 -4153177.70927105)
PARK 12 - KARRAWIRRA,488,280823.0239,6133055.636,Statue,sir lawrence bragg,POINT (15428952.9824446 -4153192.21022513)
PARK 12 - KARRAWIRRA,434,281216.2043,6133084.801,Plaque,Sir Edwin Smith,POINT (15429432.6017094 -4153168.06187501)
PARK 12 - KARRAWIRRA,436,281223.0605,6133085.152,Plaque,Richard B Smith,POINT (15429440.9606127 -4153167.83320686)
PARK 12 - KARRAWIRRA,438,281229.2346,6133085.649,Plaque,Dr Reginald Claude,POINT (15429448.4932005 -4153167.40560273)
PARK 12 - KARRAWIRRA,439,281230.8862,6133085.79,Plaque,Sir Edward Stirling,POINT (15429450.508425 -4153167.28186661)
PARK 12 - KARRAWIRRA,440,281234.4603,6133086.305,Plaque,Thomas Quinton Stow,POINT (15429454.8755422 -4153166.75707664)
PARK 12 - KARRAWIRRA,441,281242.9638,6133087.093,Plaque,Mary Lee,POINT (15429465.2530941 -4153166.04111458)
PARK 12 - KARRAWIRRA,442,281246.5186,6133087.158,Plaque,Arthur Thomas Padre Strange,POINT (15429469.5835882 -4153166.06631535)
PARK 12 - KARRAWIRRA,443,281249.8823,6133087.484,Plaque,John McDougall Stuart,POINT (15429473.6890181 -4153165.76556274)
PARK 12 - KARRAWIRRA,445,281257.0271,6133088.254,Plaque,Doris Taylor,POINT (15429482.4115453 -4153165.03328327)
PARK 12 - KARRAWIRRA,446,281260.6486,6133088.47,Plaque,Julian Edmund Tenison- Woods,POINT (15429486.8276661 -4153164.87548274)
PARK 12 - KARRAWIRRA,447,281264.1504,6133088.777,Plaque,Norman Tindale,POINT (15429491.1007004 -4153164.60213051)
PARK 12 - KARRAWIRRA,448,281267.437,6133089.175,Plaque,Sir Charles Todd,POINT (15429495.1143217 -4153164.21202063)
PARK 12 - KARRAWIRRA,449,281271.31,6133089.413,Plaque,Alexander Tolmer,POINT (15429499.8373479 -4153164.03393464)
PARK 12 - KARRAWIRRA,450,281275.2256,6133089.834,Plaque,Alfred Herman Traeger,POINT (15429504.6175696 -4153163.63373785)
PARK 12 - KARRAWIRRA,453,281286.07,6133090.704,Plaque,William Charles Douglas Veale,POINT (15429517.8479548 -4153162.88694251)
PARK 12 - KARRAWIRRA,454,281288.9086,6133090.894,Plaque,Pioneer Vignerons,POINT (15429521.3100002 -4153162.73776497)
PARK 12 - KARRAWIRRA,455,281292.6378,6133091.219,Plaque,Pioneer Vignerons,POINT (15429525.8604444 -4153162.44965104)
PARK 12 - KARRAWIRRA,456,281296.4152,6133091.244,Plaque,Peter Waite,POINT (15429530.4608577 -4153162.52904978)
PARK 12 - KARRAWIRRA,457,281300.1788,6133091.769,Plaque,Mary Jane Warnes,POINT (15429535.0590071 -4153161.9977887)
PARK 12 - KARRAWIRRA,458,280803.4344,6133864.215,Plaque,hmas adelaide,POINT (15428952.7434386 -4152202.62738938)
PARK 12 - KARRAWIRRA,459,280803.8393,6133863.264,Plaque,hmas yarra,POINT (15428953.2086528 -4152203.80291414)
PARK 12 - KARRAWIRRA,460,280804.3932,6133862.206,Plaque,fairmile ships,POINT (15428953.8521699 -4152205.11331326)
PARK 12 - KARRAWIRRA,461,280804.1393,6133861.311,Plaque,hmas parramatta,POINT (15428953.5168971 -4152206.20040955)
PARK 12 - KARRAWIRRA,462,280804.3929,6133860.082,Plaque,river class frigates,POINT (15428953.7897957 -4152207.71065977)
PARK 12 - KARRAWIRRA,463,280804.2317,6133858.525,Plaque,hmas chinese ships,POINT (15428953.5480615 -4152209.61016162)
PARK 12 - KARRAWIRRA,464,280803.8947,6133857.686,Plaque,returned services league,POINT (15428953.1132493 -4152210.62608309)
PARK 12 - KARRAWIRRA,465,280803.8486,6133856.399,Plaque,navy musicians,POINT (15428953.0195416 -4152212.19872691)
PARK 12 - KARRAWIRRA,466,280803.2659,6133855.215,Plaque,fleet air arm,POINT (15428952.275474 -4152213.63038661)
PARK 12 - KARRAWIRRA,467,280802.5604,6133854.334,Plaque,hmas sydney and escorts,POINT (15428951.3907562 -4152214.68699149)
PARK 12 - KARRAWIRRA,468,280802.1151,6133852.838,Plaque,allied submarines,POINT (15428950.8048898 -4152216.50355244)
PARK 12 - KARRAWIRRA,469,280802.0851,6133851.897,Plaque,royal naval association,POINT (15428950.7408705 -4152217.65421337)
PARK 12 - KARRAWIRRA,470,280801.7138,6133851.015,Plaque,royal marines,POINT (15428950.2630363 -4152218.72184457)
PARK 12 - KARRAWIRRA,471,280801.4623,6133850.329,Plaque,far east strategic reserve,POINT (15428949.936782 -4152219.55363081)
PARK 12 - KARRAWIRRA,472,280800.6481,6133849.2,Plaque,arctic convoys,POINT (15428948.9124714 -4152220.91037439)
PARK 12 - KARRAWIRRA,473,280800.1239,6133848.686,Plaque,hmas quickmatch,POINT (15428948.2592098 -4152221.52366747)
PARK 12 - KARRAWIRRA,474,280799.8137,6133848.408,Plaque,hmas assault,POINT (15428947.8734092 -4152221.85422109)
PARK 12 - KARRAWIRRA,475,280799.2218,6133848.147,Plaque,manoora westralia kanimbla,POINT (15428947.1450996 -4152222.15633056)
PARK 12 - KARRAWIRRA,476,280798.7919,6133847.996,Plaque,hmas melbourne and uss frank e. evans collision,POINT (15428946.6172549 -4152222.32840719)
PARK 12 - KARRAWIRRA,477,280798.378,6133847.524,Plaque,merchant mariners,POINT (15428946.0995063 -4152222.89405501)
PARK 12 - KARRAWIRRA,478,280797.8321,6133847.211,Plaque,hmas voyager d04,POINT (15428945.4256924 -4152223.2608699)
PARK 12 - KARRAWIRRA,479,,,Plaque,hmas cape leeuwin,POINT (15428972.7370837 -4151976.62133631)
PARK 13 - RUNDLE,75,282112.38,6133198.68,Plaque,YEAR OF THE TREE PLAQUE - 1982,POINT (15430527.1685352 -4153054.96230842)
PARK 13 - RUNDLE,76,282101.12,6133153.24,Plaque,PEACE AND FRIENDSHIP GROVE PLAQUE - CC REF:CC002691,POINT (15430512.1441235 -4153110.21737528)
PARK 13 - RUNDLE,77,281771.77,6133090.66,Memorial,AUSTRALIAN LIGHT HORSE MEMORIAL CC REF:CC000349,POINT (15430109.2735962 -4153177.14759731)
PARK 13 - RUNDLE,78,281767.04,6133082.33,Memorial,WAR HORSE TROUGH MEMORIAL CC REF:CC002102,POINT (15430103.2680848 -4153187.19618579)
PARK 13 - RUNDLE,79,281765.44,6133076.41,Plaque,ROYAL AUSTRALIAN ARMOURED CORPS PLAQUE,POINT (15430101.1476442 -4153194.38960249)
PARK 14 - RYMILL PARK,80,282084.21,6132835.07,Commerative Fountain,"""""PICANNINY"""" COMMEMORATIVE DRINKING FOUNTAIN",POINT (15430482.3095734 -4153498.91041477)
PARK 14 - RYMILL PARK,81,282048.13,6132803.46,Plaque,RYMILL PARK NAME PLAQUE,POINT (15430437.4520844 -4153536.52804429)
PARK 14 - RYMILL PARK,83,281762.37,6132784.1,Plaque,HISTORIC ENGINEERING MARKER PLAQUE,POINT (15430088.9112407 -4153551.86123812)
PARK 14 - RYMILL PARK,84,282287.59,6132774.65,Plaque,ROSE GARDEN PLAQUE,POINT (15430728.2129363 -4153578.74616617)
PARK 14 - RYMILL PARK,85,281951.31,6132749.88,Statue,"""""ALICE"""" CC REF:CC001296",POINT (15430318.000576 -4153599.24281209)
PARK 14 - RYMILL PARK,179,281772.29,6132684.17,Plaque,THE VERY REVEREND WILLIAM ULLATHORNE V G PLAQUE -             CC REF:CC002350,POINT (15430098.0868119 -4153674.39806983)
PARK 18 - WITA WIRRA,90,281696.07,6131499.56,Plaque,JAPANESE GARDEN PLAQUE,POINT (15429970.7934264 -4155121.34083199)
PARK 18 - WITA WIRRA,91,281696.54,6131499.02,Plaque,HIMEJI GARDENS SISTER CITY PLAQUE,POINT (15429971.3501181 -4155122.01522047)
PARK 19 - PITYARRILLA,144,281742.71,6131241.58,Plaque,APEX CLUB PLAQUE,POINT (15430020.0870718 -4155438.32566807)
PARK 19 - PITYARRILLA,145,281738.98,6131255.76,Sculpture,TIMBER DECKING SCULPTURE,POINT (15430015.9569544 -4155420.86810118)
PARK 19 - PITYARRILLA,146,281736.45,6131237.64,Sculpture,TIMBER DECKING SCULPTURE,POINT (15430012.3481173 -4155442.96300801)
PARK 20 - KURANGGA,197,281276.31,6131468.69,Plaque,25 YEARS IN SOUTH AUSTRALIA PLAQUE,POINT (15429458.6691929 -4155146.82037068)
PARK 20 - KURANGGA,198,281231.48,6131460.36,Sculpture,"""""BRAIN"""" ARTWORK",POINT (15429403.8278669 -4155155.69773543)
PARK 21 - WALYU YARTA,177,280717.8,6131405.61,Sculpture,"""""THE COUPLE"""" STONE SCULPTURE CC REF:CC001797",POINT (15428776.6189798 -4155207.60773793)
PARK 21 - WALYU YARTA,92,280347.59,6131321,Fountain,VEALE GARDENS FOUNTAIN,POINT (15428323.2633527 -4155300.23655296)
PARK 21 - WALYU YARTA,87,280537.13,6131409.96,Plaque,VEALE GARDENS NAME PLAQUE,POINT (15428556.7088651 -4155196.97640744)
PARK 21 - WALYU YARTA,88,280334.2,6131197.74,Plaque,SOUTH AUSTRALIAN RIFLE ASSOCIATION INC PLAQUE - CC REF:CC002288,POINT (15428303.3445683 -4155450.64233954)
PARK 21 - WALYU YARTA,171,280480.42,6131328.34,Fountain,VEALE GARDENS FOUNTAIN,POINT (15428485.2526045 -4155295.16414748)
PARK 21 WEST- MIRNU WIRRA,208,279885.69,6131349.83,Memorial,MEMORIAL CROSS CC REF:CC001803,POINT (15427761.5609595 -4155251.3593297)
PARK 24 - TAMPAWARDLI,70,279623.84,6132492.8,Plaque,COLONIAL INFIRMARY AND DISPENSARY SITE PLAQUE - CC REF:CC002346,POINT (15427476.2384028 -4153845.40188394)
PARK 24 - TAMPAWARDLI,71,279573.25,6132441.08,Plaque,CITY OF ADELAIDE VAL ELLIS PLAQUE - CC REF: CC002178,POINT (15427413.1133724 -4153907.17587736)
PARK 24 - TAMPAWARDLI,68,279607.23,6132582.86,Plaque,BUREAU OF METEOROLOGY PLAQUE - CC REF:CC002301,POINT (15427458.6573693 -4153734.74584676)
PARK 24 - TAMPAWARDLI,277,279326.99,6132424.44,Plaque,OLYMPIC GROVE PLAQUE,POINT (15427112.7422928 -4153920.25851107)
PARK 25 - NARNUNGGA,180,279352.22,6132962.64,Memorial,RAILWAYS WAR MEMORIAL CC REF:CC002117,POINT (15427159.2933698 -4153262.66367922)
PARK 26 - TARNTANYA WAMA,266,280495.69,6133280.58,Sculpture,DORIS MAY GRAHAM SCULPTURE,POINT (15428560.9747385 -4152907.45266189)
PARK 26 - TARNTANYA WAMA,267,280577.08,6133462.88,Sculpture,"""""THE LIMITS OF MY LANGUAGE"""" SCULPTURE",POINT (15428665.4087937 -4152686.86285499)
PARK 26 - TARNTANYA WAMA,169,280208.97,6133386.93,Fountain,PARK 26 - PINKY FLAT FOUNTAIN,POINT (15428214.96636 -4152768.94078315)
PARK 26 - TARNTANYA WAMA,25,280595.1,6133766.23,Statue,SIR DONALD BRADMAN CC REF:CC002845,POINT (15428696.2175539 -4152316.35842757)
PARK 26 - TARNTANYA WAMA,26,280541.6,6133796.55,Plaque,ROSE GARDEN PLAQUE,POINT (15428631.9633241 -4152277.70307758)
PARK 26 - TARNTANYA WAMA,3,280193.96,6133984.07,Statue,COLONEL WILLIAM LIGHT CC REF:000137,POINT (15428214.1759671 -4152038.1337312)
PARK 26 - TARNTANYA WAMA,4,280536.91,6133938.37,Plaque,COMPASSIONATE FRIENDS PLAQUE,POINT (15428630.3990405 -4152104.10723493)
PARK 26 - TARNTANYA WAMA,8,280528.25,6133914.41,Plaque,VICTIMS OF HOMICIDE PLAQUE - CC REF:CC002534,POINT (15428619.1544903 -4152133.15787179)
PARK 26 - TARNTANYA WAMA,9,280493.41,6133888.05,Plaque,20 MILLIONTH TREE PLANTING IN SA PLAQUE,POINT (15428575.9638452 -4152164.37501969)
PARK 26 - TARNTANYA WAMA,16,280575.35,6133452.92,Plaque,QUEEN ELIZABETH 11 1954 VISIT PLAQUE - CC REF: CC002355,POINT (15428663.01112 -4152698.99453279)
PARK 26 - TARNTANYA WAMA,18,280654.53,6133410.98,Commerative Fountain,COMMEMORATIVE FIREMANS DRINKING FOUNTAIN,POINT (15428758.1969278 -4152752.61820064)
PARK 26 - TARNTANYA WAMA,20,280438.69,6133266.06,Plaque,KATE SLATTER PLAQUE,POINT (15428491.144139 -4152923.53806537)
PARK 26 - TARNTANYA WAMA,21,280337.11,6133228.21,Plaque,FIRST BRIDGE ACROSS THE RIVER TORRENS PLAQUE,POINT (15428366.3477374 -4152966.84888972)
PARK 26 - TARNTANYA WAMA,22,280355.87,6133216.01,Plaque,DAVID JONES - TORRENS RIVER PLAQUE,POINT (15428388.8338037 -4152982.3231285)
PARK 26 - TARNTANYA WAMA,23,280355.49,6133211.91,Memorial,DAVID JONES - CROSSING THE RIVER MEMORIAL,POINT (15428388.2510972 -4152987.32695486)
PARK 27 - BONYTHON PARK  -  TULYA WARDLI,24,279597.38,6132987.08,Plaque,FIRST COMMERCIAL NURSERY SITE PLAQUE - CC REF: CC002340,POINT (15427458.536406 -4153240.00631731)
PARK 27 - BONYTHON PARK  -  TULYA WARDLI,19,278970.92,6133381.26,Plaque,ADELAIDE PARKLANDS YOUTH PROJECT PLAQUE - SOUTH,POINT (15426707.3248304 -4152739.35291375)
PARK 27 - BONYTHON PARK  -  TULYA WARDLI,17,278968.3,6133450.26,Plaque,ADELAIDE PARKLANDS YOUTH PROJECT PLAQUE - NORTH,POINT (15426706.1667041 -4152654.87974065)
PARK 27 - BONYTHON PARK  -  TULYA WARDLI,14,279658.44,6133499.46,Memorial,PILTAWODLI - DEDICATED TO THE KAURNA PEOPLE MEMORIAL,POINT (15427547.9311097 -4152615.08622917)
PARK 27 - BONYTHON PARK  -  TULYA WARDLI,156,278852.08,6133340.66,Memorial,PLANTING OF SMOOTH BARK APPLE MYRTLE MEMORIAL CC REF:CC002597,POINT (15426561.427514 -4152785.49544659)
PARK 27 - BONYTHON PARK  -  TULYA WARDLI,172,279766.83,6133427.34,Fountain,TORRENS LAKE FOUNTAIN - ADJACENT MAIN WEIR,POINT (15427677.7912967 -4152706.49396351)
PARK 27 - BONYTHON PARK  -  TULYA WARDLI,173,278878.1,6133515.85,Commerative Fountain,,POINT (15426598.2712397 -4152571.98670648)
PARK 27 - BONYTHON PARK  -  TULYA WARDLI,176,278822.42,6133991.71,Sculpture,TREE PLANTING BY THE CROATIAN COMMUNITY SCULPTURE,POINT (15426544.4966245 -4151988.32435638)
PARK 27 - BONYTHON PARK  -  TULYA WARDLI,195,279640.63,6132974.49,Memorial,START OF SURVEY FOR THE SITING OF ADELAIDE MEMORIAL,POINT (15427510.8310715 -4153256.68225525)
PARK 27 - BONYTHON PARK  -  TULYA WARDLI,287,278922.323,6133343.802,Plaque,gift of life garden,POINT (15426647.0491274 -4152783.73179672)
PARK 27 - BONYTHON PARK  -  TULYA WARDLI,274,279018.14,6133494.02,Plaque,BONYTHON PARK NAME PLAQUE,POINT (15426768.1404727 -4152602.83029141)
PARK 27 - BONYTHON PARK  -  TULYA WARDLI,275,279179.52,6133556.88,Memorial,LEGENDS OF THE TOTEM POLE MEMORIAL,POINT (15426966.4860191 -4152530.71648393)
PARK 27 - BONYTHON PARK  -  TULYA WARDLI,276,279216.99,6133604.65,Plaque,WORLD ENVIRONMENT DAY PLAQUE,POINT (15427013.5143311 -4152473.39591778)
PARK - LIGHT SQUARE,489,280186.5105,6132585.32,Plaque,adelaide park lands and city layout,POINT (15428164.1372117 -4153748.80803104)
PARK - LIGHT SQUARE,490,280152.4114,6132567.646,Plaque,the eternal  question,POINT (15428122.0956693 -4153769.42412949)
PARK - LIGHT SQUARE,491,280155.8309,6132584.982,Monument,the eternal question,POINT (15428126.7677225 -4153748.31799766)
PARK - HINDMARSH SQUARE,494,281212.7292,6132800.943,Fountain,,POINT (15429420.0935548 -4153515.17939781)
PARK - HINDMARSH SQUARE,219,281239.14,6132797.12,Sculpture,"HINDMARSH SQUARE - """"SUNFLOWER"""" SCULPTURE",POINT (15429452.1367863 -4153520.63573428)
PARK - HINDMARSH SQUARE,223,281229,6132784.22,Sculpture,"HINDMARSH SQUARE - """"SUNFLOWER"""" SCULPTURE",POINT (15429439.4192994 -4153536.10887361)
PARK - HINDMARSH SQUARE,211,281243.37,6132799.38,Sculpture,"HINDMARSH SQUARE - """"CLOTHES PEG"""" SCULPTURE",POINT (15429457.3572858 -4153517.99519399)
PARK - HINDMARSH SQUARE,213,281246.79,6132808.78,Sculpture,"HINDMARSH SQUARE - """"FISHBONE"""" SCULPTURE",POINT (15429461.7923767 -4153506.5931788)
PARK - HINDMARSH SQUARE,214,281234.96,6132795.39,Sculpture,"HINDMARSH SQUARE - """"THONG"""" SCULPTURE",POINT (15429447.0025111 -4153522.62353945)
PARK - HINDMARSH SQUARE,217,281243.4,6132802.62,Sculpture,"HINDMARSH SQUARE - """"SUNFLOWER"""" SCULPTURE",POINT (15429457.4920212 -4153514.02920443)
PARK - HINDMARSH SQUARE,243,281238.87,6132822.14,Plaque,PROFESSOR MARGARET JULIA TOBIN PLAQUE,POINT (15429452.5376263 -4153490.01636255)
PARK - VICTORIA SQUARE,495,280767.1227,6132386.005,Plaque,state survey mark,POINT (15428865.3462963 -4154009.69028701)
PARK - VICTORIA SQUARE,282,280729.992,6132382.074,Statue,CAPTAIN CHARLES STURT CC REF:CC001321,POINT (15428820.0148171 -4154013.4087831)
PARK - VICTORIA SQUARE,283,280802.844,6132388.569,Statue,JOHN MCDOUALL STUART CC REF: CC000129,POINT (15428908.921495 -4154007.60222348)
PARK - WHITMORE SQUARE,250,280214.14,6131781.37,Sculpture,"""""THE VOYAGERS"""" STEEL- TILE & GRANITE SCULPTURE",POINT (15428174.2267892 -4154733.09707755)
PARK - WELLINGTON SQUARE,280,279924.386,6134673.066,Plaque,HISTORIC AND CULTURAL WALKING TRAILS PLAQUE,POINT (15427904.7634854 -4151183.16351262)
PARK 12 - NORTH TERRACE,376,281000.3078,6133066.883,Plaque,Sir Hans Heysen,POINT (15429169.1859653 -4153183.65235733)
PARK 12 - NORTH TERRACE,377,281005.6407,6133067.776,Plaque,Harold Eustace Hill- Ling,POINT (15429175.7057911 -4153182.71662556)
PARK 12 - NORTH TERRACE,378,281008.4326,6133068.028,Plaque,Sir Edward Holden,POINT (15429179.1128002 -4153182.48973628)
PARK 12 - NORTH TERRACE,379,281011.8231,6133068.392,Plaque,Amos William Howard,POINT (15429183.2519494 -4153182.14474119)
PARK 12 - NORTH TERRACE,380,281014.9612,6133068.734,Plaque,Sir Walter Hughes,POINT (15429187.0831341 -4153181.8183997)
PARK 12 - NORTH TERRACE,381,281018.7977,6133068.708,Plaque,Sir Ronald Jacobs,POINT (15429191.7540082 -4153181.96266669)
PARK 12 - NORTH TERRACE,382,281022.3994,6133069.022,Plaque,Jimmy James,POINT (15429196.1488984 -4153181.68391689)
PARK 12 - NORTH TERRACE,383,281025.9552,6133068.927,Plaque,Norman William Jolly,POINT (15429200.4759649 -4153181.90398563)
PARK 12 - NORTH TERRACE,384,281029.5869,6133069.094,Plaque,Pastor August kavel,POINT (15429204.9030931 -4153181.8060442)
PARK 12 - NORTH TERRACE,389,281047.7812,6133070.765,Plaque,Esmond Gerald (tom) Kruse MBE.,POINT (15429227.106708 -4153180.29525521)
PARK 12 - NORTH TERRACE,390,281051.3922,6133070.99,Plaque,Essington Lewis,POINT (15429231.5102958 -4153180.12685177)
PARK 12 - NORTH TERRACE,393,281061.277,6133071.719,Plaque,Mary Helen MacKillop,POINT (15429243.5680965 -4153179.52497489)
PARK 12 - NORTH TERRACE,395,281068.013,6133072.36,Plaque,John Abel McPherson,POINT (15429251.7891182 -4153178.93746556)
PARK 12 - NORTH TERRACE,396,281071.257,6133072.618,Plaque,Cecil Thomas Madigan,POINT (15429255.7467998 -4153178.7170749)
PARK 12 - NORTH TERRACE,397,281073.9347,6133072.994,Plaque,James Martin,POINT (15429259.0183482 -4153178.33587147)
PARK 12 - NORTH TERRACE,398,281077.3269,6133073.282,Plaque,Sir Douglas Mawson,POINT (15429263.1573593 -4153178.08337006)
PARK 12 - NORTH TERRACE,399,281081.0721,6133073.558,Plaque,Frederick May,POINT (15429267.7258792 -4153177.85515643)
PARK 12 - NORTH TERRACE,400,281084.4942,6133073.735,Plaque,George Elton Mayo,POINT (15429271.8980722 -4153177.73881372)
PARK 12 - NORTH TERRACE,402,281091.9214,6133074.344,Plaque,Sir John Melrose,POINT (15429280.9598053 -4153177.2112923)
PARK 12 - NORTH TERRACE,403,281095.6611,6133074.588,Plaque,Adelaide Laetitia Miethke,POINT (15429285.5206794 -4153177.02266408)
PARK 12 - NORTH TERRACE,404,281098.9406,6133074.86,Plaque,May Mills,POINT (15429289.5219877 -4153176.78654378)
PARK 12 - NORTH TERRACE,405,281102.447,6133075.493,Plaque,Dame Roma Mitchell,POINT (15429293.8101327 -4153176.11488458)
PARK 12 - NORTH TERRACE,406,281110.2209,6133076.345,Plaque,Sir William Mitchell,POINT (15429303.3011167 -4153175.3005115)
PARK 12 - NORTH TERRACE,407,281114.6661,6133076.746,Plaque,Daniel Moriarty,POINT (15429308.7256554 -4153174.94001454)
PARK 12 - NORTH TERRACE,408,281117.9959,6133076.698,Plaque,William Ranson Mortlock,POINT (15429312.778887 -4153175.09641619)
PARK 12 - NORTH TERRACE,409,281121.0987,6133077.191,Plaque,Charles Pearcy Mountford,POINT (15429316.5714792 -4153174.58465951)
PARK 12 - NORTH TERRACE,410,281125.5591,6133077.709,Plaque,William Muirden,POINT (15429322.0179562 -4153174.08075326)
PARK 12 - NORTH TERRACE,411,281129.3643,6133078.018,Plaque,Sir Mellis Napier,POINT (15429326.6604774 -4153173.81476393)
PARK 12 - NORTH TERRACE,412,281132.0162,6133077.973,Plaque,Nelson,POINT (15429329.8883248 -4153173.94787249)
PARK 12 - NORTH TERRACE,413,281135.081,6133078.236,Plaque,Paris Nesbit,POINT (15429333.6279623 -4153173.71523138)
PARK 12 - NORTH TERRACE,414,281138.3538,6133078.226,Plaque,Sir Henry Newland,POINT (15429337.6128772 -4153173.82420629)
PARK 12 - NORTH TERRACE,415,281142.158,6133078.64,Plaque,Eldred Norman,POINT (15429342.2572662 -4153173.42876671)
PARK 12 - NORTH TERRACE,416,281145.6393,6133079.229,Plaque,sir Mark Oliphant,POINT (15429346.5135462 -4153172.81078406)
PARK 12 - NORTH TERRACE,417,281152.7693,6133079.913,Plaque,sir Thomas Playford,POINT (15429355.21557 -4153172.18263251)
PARK 12 - NORTH TERRACE,418,281160.0505,6133080.564,Plaque,James Arthur Prescott,POINT (15429364.100753 -4153171.59890211)
PARK 12 - NORTH TERRACE,419,281164.1507,6133080.911,Plaque,Margaret Rose Preston,POINT (15429369.1036088 -4153171.29456612)
PARK 12 - NORTH TERRACE,420,281167.6336,6133081.407,Plaque,Tom Price,POINT (15429373.3591349 -4153170.78988821)
PARK 12 - NORTH TERRACE,421,281170.6627,6133081.509,Plaque,Alexander Maurice Ramsay,POINT (15429377.0505641 -4153170.75483404)
PARK 12 - NORTH TERRACE,422,281173.8613,6133082.153,Plaque,William Richard Randell,POINT (15429380.9642189 -4153170.06079168)
PARK 12 - NORTH TERRACE,423,281176.6803,6133082.353,Plaque,Arnold Edwin Victor Richardson,POINT (15429384.4027175 -4153169.89775002)
PARK 12 - NORTH TERRACE,424,281179.854,6133082.735,Plaque,Victor York Richardson,POINT (15429388.2784056 -4153169.52369833)
PARK 12 - NORTH TERRACE,425,281183.2505,6133082.972,Plaque,John Ridley,POINT (15429392.421156 -4153169.33390224)
PARK 12 - NORTH TERRACE,426,281187.0498,6133083.201,Plaque,Luther Robert Scammel,POINT (15429397.0541783 -4153169.16471016)
PARK 12 - NORTH TERRACE,427,281191.3025,6133083.586,Plaque,Richard Moritz Schomburgk,POINT (15429402.2438285 -4153168.81871151)
PARK 12 - NORTH TERRACE,428,281195.1825,6133083.793,Plaque,Adolf John Schulz,POINT (15429406.9744877 -4153168.67830011)
PARK 12 - NORTH TERRACE,429,281198.7898,6133083.829,Plaque,Alexandrina Seager,POINT (15429411.3680759 -4153168.74004491)
PARK 12 - NORTH TERRACE,430,281202.3567,6133084.054,Plaque,Ronald Max'y Sharpe,POINT (15429415.717972 -4153168.56978711)
PARK 12 - NORTH TERRACE,431,281205.2444,6133084.467,Plaque,David Shearer,POINT (15429419.2463207 -4153168.14881708)
PARK 12 - NORTH TERRACE,432,281209.3989,6133084.621,Plaque,Augustus Short,POINT (15429424.3096559 -4153168.08261309)
PARK 12 - NORTH TERRACE,433,281213.2679,6133084.776,Plaque,Alfred Muller Simpson,POINT (15429429.0254015 -4153168.00559873)
PARK 12 - NORTH TERRACE,451,281278.698,6133090.358,Plaque,Sir Robert Torrens,POINT (15429508.8611284 -4153163.09408382)
PARK 12 - NORTH TERRACE,452,281282.7203,6133090.653,Plaque,David Unaipon,POINT (15429513.7676067 -4153162.85100785)
PARK 12 - NORTH TERRACE,444,281253.65,6133088.267,Plaque,Charles Sturt,POINT (15429478.2996807 -4153164.91898239)
PARK 12 - NORTH TERRACE,437,281227.2859,6133085.812,Plaque,Catherine Helen Spence,POINT (15429446.1250452 -4153167.14964149)
PARK 12 - NORTH TERRACE,435,281218.6818,6133085.088,Plaque,Smith,POINT (15429435.6269029 -4153167.7825198)
PARK 12 - NORTH TERRACE,480,281303.4269,6133091.882,Plaque,Sir Samuel Way,POINT (15429539.017475 -4153161.95367957)
PARK 12 - NORTH TERRACE,481,281307.0319,6133092.23,Plaque,Lawrence Allen Wells,POINT (15429543.4173384 -4153161.63440041)
PARK 12 - NORTH TERRACE,482,281311.0776,6133092.69,Plaque,Jochim Matthias Wendt,POINT (15429548.3571183 -4153161.19016632)
PARK 12 - NORTH TERRACE,483,281312.7589,6133092.83,Plaque,Sir George Hubert Wilkins,POINT (15429550.408492 -4153161.06789305)
PARK 12 - NORTH TERRACE,484,281314.9826,6133093.249,Plaque,Sir Kenneth Wills,POINT (15429553.1284726 -4153160.61998057)
PARK 12 - NORTH TERRACE,485,281316.7224,6133093.413,Plaque,E.J. Woods,POINT (15429555.2517625 -4153160.47079608)
PARK 12 - NORTH TERRACE,486,281318.4909,6133093.539,Plaque,Edmund William Wright,POINT (15429557.4089041 -4153160.36844361)
PARK 12 - NORTH TERRACE,487,281321.724,6133093.766,Plaque,The Jubilee 150 Board,POINT (15429561.3524082 -4153160.18529894)
PARK 12 - NORTH TERRACE,374,280993.1619,6133066.101,Plaque,Sir Edward Hayward,POINT (15429160.4617109 -4153184.39964738)
